,manhattan.wonderproxy.com,london.wonderproxy.com,singapore.wonderproxy.com,toronto.wonderproxy.com,vienna.wonderproxy.com,zurich.wonderproxy.com
0,Steven Crowder Gets Into It with Antifa Bro I Louder ... - YouTube,Joe Rogan Experience #917 - Steven Crowder - YouTube,Steven Crowder Gets Into It with Antifa Bro I Louder ... - YouTube,Steven Crowder Gets Into It with Antifa Bro I Louder ... - YouTube,Joe Rogan Experience #917 - Steven Crowder - YouTube,Steven Crowder Gets Into It with Antifa Bro I Louder ... - YouTube
1,Joe Rogan Experience #917 - Steven Crowder - YouTube,Steven Crowder Gets Into It with Antifa Bro I Louder ... - YouTube,Joe Rogan Experience #917 - Steven Crowder - YouTube,'Free Speech' I Louder with Crowder - YouTube,Steven Crowder Gets Into It with Antifa Bro I Louder ... - YouTube,Joe Rogan Experience #917 - Steven Crowder - YouTube
2,Leftist EXPLODES on Crowder Over Idea of People ... - YouTube,Joe Rogan Experience #708 - Steven Crowder - YouTube,Leftist EXPLODES on Crowder Over Idea of People ... - YouTube,Joe Rogan Experience #917 - Steven Crowder - YouTube,Joe Rogan Experience #708 - Steven Crowder - YouTube,Joe Rogan Experience #708 - Steven Crowder - YouTube
3,Steven Crowder DEBUNKS Liberal Hoaxes - YouTube,'Free Speech' I Louder with Crowder - YouTube,Steven Crowder DEBUNKS Liberal Hoaxes - YouTube,Joe Rogan Experience #708 - Steven Crowder - YouTube,Joe Rogan Experience #1071 - Steven Crowder ... - YouTube,'Free Speech' I Louder with Crowder - YouTube
4,Joe Rogan Experience #708 - Steven Crowder - YouTube,Steven Crowder DEBUNKS Liberal Hoaxes - YouTube,Joe Rogan Experience #708 - Steven Crowder - YouTube,Steven Crowder DEBUNKS Liberal Hoaxes - YouTube,'Free Speech' I Louder with Crowder - YouTube,Joe Rogan Experience #1071 - Steven Crowder ... - YouTube
5,Bonus 4th of July Change My Mind I Louder with Crowder ...,Joe Rogan Experience #1071 - Steven Crowder ... - YouTube,Bonus 4th of July Change My Mind I Louder with Crowder ...,Bonus 4th of July Change My Mind I Louder with Crowder ...,Steven Crowder DEBUNKS Liberal Hoaxes - YouTube,Steven Crowder DEBUNKS Liberal Hoaxes - YouTube
6,Joe Rogan Experience #1071 - Steven Crowder ... - YouTube,Bonus 4th of July Change My Mind I Louder with Crowder ...,Joe Rogan Experience #1071 - Steven Crowder ... - YouTube,Louder with Crowder - YouTube,Bonus 4th of July Change My Mind I Louder with Crowder ...,Bonus 4th of July Change My Mind I Louder with Crowder ...
7,The Truth About Steven Crowder - YouTube,The Truth About Steven Crowder - YouTube,The Truth About Steven Crowder - YouTube,Joe Rogan Experience #1071 - Steven Crowder ... - YouTube,Louder With Crowder - YouTube,Louder with Crowder - YouTube
8,Louder with Crowder - YouTube,Louder with Crowder - YouTube,Louder with Crowder - YouTube,The Truth About Steven Crowder - YouTube,Louder with Crowder - YouTube,Louder With Crowder - YouTube
9,Steven crowder - YouTube,Change My Mind Protestor Freaks Out on Crowder ... - YouTube,Steven crowder - YouTube,StevenCrowder - YouTube,The Truth About Steven Crowder - YouTube,Joe Rogan Experience #917 - Steven Crowder - YouTube
